ID,Name,Twitter Handle,Twitter Page,Website,Bio,Num of following,Num of followers
26308916.0,Breast Cancer Care,BCCare,https://twitter.com/BCCare,https://t.co/Ncr0dwEdsd,"Care, support and information from day one. Call our nurses on 0808 800 6000 or text CARE to 70300 to give ¬£3 and help support those affected by breast cancer",13843,159368
29547412.0,BCPP,BCPPartners,https://twitter.com/BCPPartners,https://t.co/zGWqLOfhso,"Breast Cancer Prevention Partners (BCPP), formerly Breast Cancer Fund, is a trailblazing NPO working to prevent breast cancer before it starts.",10832,28882
7.58e+17,Breast Cancer Sucks,estrogenplus,https://twitter.com/estrogenplus,,Breast cancer chemo mastectomy radiation&hormone therapy 4 grown kids one has Down Syndrome 3 grandsons 6&5&newborn 12/27/16 3lbs1oz Lost son 6wks SIDS ‚ù§Ô∏è#Hope,9283,11874
36048046.0,Breast Cancer Now,breastcancernow,https://twitter.com/breastcancernow,http://t.co/L7y9CNvbIS,"We're the UK's largest breast cancer charity - and through our research we believe that, by 2050, everyone who develops breast cancer will live.",6043,49523
2715659808.0,Male Breast Cancer,MBCC_MHBT,https://twitter.com/MBCC_MHBT,http://t.co/H5oE35IoUS,The Male Breast Cancer Coalition (MBCC) is your resource for MEN with breast cancer. Our reach is global and continues to grow daily.  #MenHaveBreastsToo,4926,6978
16244789.0,Susan G. Komen,SusanGKomen,https://twitter.com/SusanGKomen,http://t.co/yRj5qcRA9N,"A force united by a promise to end breast cancer, funding groundbreaking research, community health & advocacy programs globally. #MoreThanPink",3964,123429
21768109.0,Breast Cancer Haven,BreastCancerH,https://twitter.com/BreastCancerH,https://t.co/5s0EsPlTCK,We believe in the strength and individuality of every woman who comes to us. We help her hold on to them with a tailored package of emotional & physical support,3468,15700
20163699.0,A Future Without Breast Cancer,BreastCancerCCS,https://twitter.com/BreastCancerCCS,https://t.co/E8FLZjA8nm,"On February 1, 2017, the Canadian Cancer Society @cancersociety and the Canadian Breast Cancer Foundation merged. Welcome to A Future Without Breast Cancer.",3191,11403
39346859.0,Dr. Susan Love,DrSusanLove,https://twitter.com/DrSusanLove,https://t.co/98ItIQkSSA,"Author Dr. Susan Love's Breast Book, bible for women with breast cancer. Mission: Eradicate breast cancer! All tweets are my personal opinion not DSLRF.",2602,9186
3143433532.0,BCCare Cymru,BCCareCymru,https://twitter.com/BCCareCymru,http://t.co/d7VV8xnAOB,All the latest goings on from the Wales Team @BCCare - the only UK-wide specialist support charity for anyone affected by breast cancer.,2543,2459
44184445.0,Breast Cancer Soc.,BCSC,https://twitter.com/BCSC,https://t.co/7aH61BMihl,The Breast Cancer Society of Canada is a charitable organization dedicated to funding Canadian #breastcancer research. Events: #MothersDayWalk #DressfortheCause,2533,9910
14702442.0,Tami,Caffeinated_RNR,https://twitter.com/Caffeinated_RNR,https://t.co/pbOHm6fqFW,God * Family * Running * Coffee * Technology and All Things Disney! * Breast Cancer THRIVER Survivor * Striving to slow down and enjoy life's little moments,2217,830
21228716.0,PA Breast Cancer,PBCC,https://twitter.com/PBCC,http://t.co/e4TFeDmYPN,"Finding a cure now, so our daughters won't have to. Join our grassroots effort as we help women & families across PA.",2084,19755
102707404.0,DE Breast Cancer,DEBreastCancer,https://twitter.com/DEBreastCancer,http://t.co/n4mVzOtbQv,"Delaware Breast Cancer Coalition.

Delaware's statewide breast cancer advocacy, education and support organization.",2070,3593
2842722304.0,Breast Cancer Index,AnswersByond5,https://twitter.com/AnswersByond5,http://t.co/SdICFvSG5L,"We share the latest tips, news, and research on living well after breast cancer. To learn more about Breast Cancer Index, visit us online",2006,1675
335825182.0,Breast Cancer Now Scotland,bcnow_scotland,https://twitter.com/bcnow_scotland,http://t.co/AeDbkeIsjM,"We‚Äôre Breast Cancer Now, the largest breast cancer charity working in Scotland ‚Äì and we‚Äôre dedicated to funding research into this devastating disease.",1874,3214
1337436558.0,Breast Cancer News,BC_newsalerts,https://twitter.com/BC_newsalerts,,Keeping you up-to-date with the latest breast cancer news from around the globe. Tweet us if you'd like us to share any useful information! #breastcancer,1700,2280
36683160.0,RethinkBreastCancer,rethinktweet,https://twitter.com/rethinktweet,https://t.co/Hhduj5OiIy,"We are the young women's breast cancer movement. Follow us for the latest on breast health, support + resources, and how you can make an impact.",1641,7925
1630911319.0,YoungerBreastCancer,YBCN_UK,https://twitter.com/YBCN_UK,https://t.co/lJ0KE2jm6m,"Younger Breast Cancer Network (UK),a group for young women in the UK/Ireland with a breast cancer diagnosis. Join our private chat groups on Facebook",1440,2790
199038830.0,HIS Breast Cancer,hisbreastcancer,https://twitter.com/hisbreastcancer,http://t.co/hnQzgDnuYS,Offering Insight and Education on Male Breast Cancer and Breast Cancer in Men.,1283,3259
16298499.0,Dana Leeson,danaleeson,https://twitter.com/danaleeson,https://t.co/ZuicCHkTG7,"Connecting workplace technology to business strategy, co-founder @theICcrowd, member of @Intranetizen and currently fighting Breast Cancer",1110,3487
2653246802.0,Adv 4 Breast Cancer,BreastCancerABC,https://twitter.com/BreastCancerABC,https://t.co/091fVZfd2m,ABC unites SA's active breast cancer organisations with the driving goal of lobbying government to develop and implement an effective Breast Health Policy.,1041,5470
9.25e+17,Breast Cancer Art,ArtBreastCancer,https://twitter.com/ArtBreastCancer,https://t.co/KgXXrDinta,The Breast Cancer Art Project is a platform for those affected by breast cancer to express their experiences of cancer through art #breastcancerart,925,762
325568204.0,EIN Breast Cancer,EINBreastCancer,https://twitter.com/EINBreastCancer,http://t.co/LBnxuxwrgw,Latest breast cancer news for healthcare industry professionals & analysts. Breast Cancer News Today is a media monitoring service provided by EIN News.,913,860
108748376.0,Zero Breast Cancer,zerobreastcancr,https://twitter.com/zerobreastcancr,http://t.co/feMYnjnawl,ZBC promotes breast cancer prevention through targeted communication of evidence-based recommendations that supports health & wellness at key stages of life.,891,1227
347348186.0,BreastCancerClub,breastcancerclu,https://twitter.com/breastcancerclu,http://t.co/QDNGgorGH6,1 in 8 American women  like us will hear You have breast cancer.  BreastCancerClub is a  resource for information and encouragement in your battle for health.,871,3068
25537005.0,FloridaBreastCancer,FLBreastCancer,https://twitter.com/FLBreastCancer,http://t.co/9HSEkffhxw,Dedicated to ending the suffering caused by breast cancer. Proud and trusted beneficiary of the End Breast Cancer license plate.,823,962
459628279.0,Volpara,VolparaDensity,https://twitter.com/VolparaDensity,http://t.co/EWx7qtbBRF,Volpara Solutions is a medical technology company whose AI imaging algorithms enable the early detection of breast cancer (ASX: VHT).,753,695
161147114.0,AndreaGriffiths11,ALAColombia,https://twitter.com/ALAColombia,https://t.co/T7aArPdmLy,"Community Support @GitHub, @USArmy Veteran, üá®üá¥ Immigrant Latina in technology, OSS superfan, & breast cancer slayer. She/Her/Hers. Opiniones son m√≠as.",718,751
27872162.0,Fashion Targets Breast Cancer,FashionTargets,https://twitter.com/FashionTargets,http://t.co/yS6xfEHnr4,"Fashion has the power to save lives. #MakeAStatement against breast cancer and raise money for @breastcancernow, with our 2018 collections.üéØ",703,9321
107177355.0,MA Breast Cancer Coa,mbccprevention,https://twitter.com/mbccprevention,http://t.co/gyhMoKCHYm,"1 in 8 women will be diagnosed with breast cancer. MBCC advocates, educates, and impacts public policy to prevent the environmental causes of breast cancer.",640,947
385959052.0,BreastCancerIreland,BreastCancerIre,https://twitter.com/BreastCancerIre,https://t.co/OeeC9dQnB9,BCI is a charity set up to raise money for breast cancer research. To donate please go to https://t.co/OeeC9dQnB9,502,2229
1595170172.0,Breast Cancer Can Stick It!,bccsi,https://twitter.com/bccsi,https://t.co/jQmcflF8a4,"Founded by breast cancer survivor and professional drummer, April Samuels @drummerapril Breast Cancer Can Stick It! raises money for the fight against cancer.",470,752
47724438.0,Breast Cancer Action,BCAction,https://twitter.com/BCAction,http://t.co/aXmGA9Ukrq,National education & activist organization dedicated to addressing & ending the breast cancer epidemic. Health justice for all!,447,24988
846022296.0,FUBC,FUBreastCancer,https://twitter.com/FUBreastCancer,https://t.co/AmGpqQLB1c,"Stage IV Breast Cancer Warrior Armed with humor, sarcasm & a little sass. join us in Collectively Giving Breast Cancer the Finger! https://t.co/zquHpGbYQn",443,595
16278542.0,Pink Lotus Breast Center,pinklotusbc,https://twitter.com/pinklotusbc,https://t.co/BKpvMKftvk,"A comprehensive and integrative breast center exclusively dedicated to the prevention, screening, diagnosis and treatment of breast cancer",331,8066
26037274.0,BreastCancerRecovery,bcrecovery,https://twitter.com/bcrecovery,http://t.co/K3lvrgf7tu,Our mission is to provide environments for women breast cancer survivors to heal emotionally. 501(c)(3) non-profit.,294,883
50107566.0,Prevent BreastCancer,thepinkribbon,https://twitter.com/thepinkribbon,https://t.co/FPbTajYoh6,Being ‚ÄúAWARE‚Äù is simply not enough. We feel the Pink Ribbon should be a ‚ÄúCall-To-Action‚Äù symbol to help the PREVENTION of #breastcancer. Tweets by @TylerBargas,293,13684
1.03e+18,"Breast Cancer Haven, London",BCHLondon_,https://twitter.com/BCHLondon_,https://t.co/LB5047bqfL,We believe in the strength and individuality of every woman who comes to us. We help her hold on to them with a tailored package of emotional & physical support,282,460
46746266.0,Georgia 2-Day Walk for Breast Cancer,ga2daywalk,https://twitter.com/ga2daywalk,http://t.co/rhUI8LA2YG,The Georgia (Atlanta) 2-Day Walk for Breast Cancer is a 30-mile walking event that raises funds for breast health and breast cancer programs throughout Georgia.,187,3425
3075646420.0,YngBreastCancerBlog,youngbcblog,https://twitter.com/youngbcblog,https://t.co/mLCeboH8J7,The Young Women's Breast Cancer Blog UK - voices of young women with breast cancer. Write for YWBC Blog! Visit website to find out more. Run by @mulheron81.,184,646
850102332.0,BreastCancerSurvCons,BCSC_research,https://twitter.com/BCSC_research,https://t.co/keCAkEMcLx,"Breast Cancer Surveillance Consortium research aims to improve breast cancer screening and detection, and reduce disease burden.",137,296
271746640.0,Jill Rowbotham,Jill_Rowbotham,https://twitter.com/Jill_Rowbotham,https://t.co/ywxIKzNlba,"Breast Cancer Network Australia, State Development Manager, NSW",117,624
89263537.0,Breast Cancer Angels,bcangels,https://twitter.com/bcangels,http://t.co/tQMW8qTElO,Breast Cancer Angels provides financial and emotional assistance for women and their families fighting breast cancer. Spread your wings and be an Angel today!,65,545
214257613.0,Dr. Weintritt,DrWeintritt,https://twitter.com/DrWeintritt,http://t.co/DbSqtANOZ6,"Breast Cancer Diagnostics, Treatment, Surgery. Advanced technology to fight cancer in the Northern Virginia and Greater Washington DC Metro region.",28,609
1.03e+18,"Breast Cancer Haven, London",BCHLondon_,https://twitter.com/BCHLondon_,https://t.co/LB5047bqfL,We believe in the strength and individuality of every woman who comes to us. We help her hold on to them with a tailored package of emotional & physical support,282,461
7.58e+17,Breast Cancer Sucks,estrogenplus,https://twitter.com/estrogenplus,,Breast cancer chemo mastectomy radiation&hormone therapy 4 grown kids one has Down Syndrome 3 grandsons 6&5&newborn 12/27/16 3lbs1oz Lost son 6wks SIDS ‚ù§Ô∏è#Hope,9281,11860
9.25e+17,Breast Cancer Art,ArtBreastCancer,https://twitter.com/ArtBreastCancer,https://t.co/KgXXrDinta,The Breast Cancer Art Project is a platform for those affected by breast cancer to express their experiences of cancer through art #breastcancerart,925,763
1.03e+18,"Breast Cancer Haven, London",BCHLondon_,https://twitter.com/BCHLondon_,https://t.co/LB5047bqfL,We believe in the strength and individuality of every woman who comes to us. We help her hold on to them with a tailored package of emotional & physical support,282,462
7.58e+17,Breast Cancer Sucks,estrogenplus,https://twitter.com/estrogenplus,,Breast cancer chemo mastectomy radiation&hormone therapy 4 grown kids one has Down Syndrome 3 grandsons 6&5&newborn 12/27/16 3lbs1oz Lost son 6wks SIDS ‚ù§Ô∏è#Hope,9281,11862
9.25e+17,Breast Cancer Art,ArtBreastCancer,https://twitter.com/ArtBreastCancer,https://t.co/KgXXrDinta,The Breast Cancer Art Project is a platform for those affected by breast cancer to express their experiences of cancer through art #breastcancerart,925,763
576814091.0,BreastCancerCareWA,BreastCancer_WA,https://twitter.com/BreastCancer_WA,https://t.co/rUcitXkL9c,"Providing personalised practical, emotional and financial assistance to Western Australians affected by breast cancer.",194,715
86798385.0,BreastHealth&Healing,BreastCancerKTR,https://twitter.com/BreastCancerKTR,http://t.co/uE6VSxbTYh,Twaikus dedicated to women afflicted with breast cancer.  Mission to discover the specific causes of breast cancer to prevent the disease.,222,453
31153655.0,Breast Cancer Yoga,BreastYoga,https://twitter.com/BreastYoga,http://t.co/MEE8c9r1uz,Dedicated to providing Comfort & Hope for breast cancer with reliable knowledge and therapeutic wellness products,10969,11690
16722167.0,NBCF,NBCF,https://twitter.com/NBCF,http://t.co/KBbK9uvlun,"National Breast Cancer Foundation's mission is to provide help & hope to those affected by breast cancer through early detection, education, & support services.",784,14894
79859333.0,breast cancer strong,BCStrong,https://twitter.com/BCStrong,https://t.co/CzW7JswpGn,As a breast cancer survivor I want to help other women with early detection.,320,1160
2934580708.0,Breast Cancer Diary,LookUpAtStars,https://twitter.com/LookUpAtStars,,Sharing experience of breast cancer diagnosed 39 years old: egg freezing; cancer treatment; nutrition; supplements; fasting & chemo; homeopathy; emotions; life.,1883,1141
15523344.0,Kristen B.,KristenBerset,https://twitter.com/KristenBerset,https://t.co/5155IbryUC,Host of Great Day Washington on WUSA9 -  Univ. of Florida Alum -  Breast Cancer Advocate - 2-time Breast Cancer Survivorüéâ,1516,5317
174780901.0,CBCRP,CABreastCancer,https://twitter.com/CABreastCancer,http://t.co/c6WQqvY2tt,"California Breast Cancer Research Program: Combining the urgency of the advocates with the dedication of researchers to fund innovative, collaborative research.",366,348
732602311.0,Donna Fraser OLY,DonnaLegz,https://twitter.com/DonnaLegz,,4x Olympian|UK Athletics Vice President+Equality & Diversity|Breast Cancer survivor & Breast Cancer Now Ambassador|Sport Honours Committee|Women's Sport Trust,792,2821
4067528475.0,BreastCancerResearch,BCRJournal,https://twitter.com/BCRJournal,https://t.co/qeJBy9yePO,"Breast Cancer Research is an international peer-reviewed open access journal publishing original research, reviews, editorials & reports.",391,742
2230803914.0,CochraneBreastCancer,CochraneBCancer,https://twitter.com/CochraneBCancer,http://t.co/5p0eJ7Xw5N,Cochrane Breast Cancer Group,31,82
274516782.0,Breast Cancer Arabia,BRCA_arabia,https://twitter.com/BRCA_arabia,http://t.co/aJlGIof3lY,Promoting breast cancer awareness across the Middle East.,130,554
105225330.0,BreastCancerOptions,BreastCancerOpt,https://twitter.com/BreastCancerOpt,http://t.co/pX68c0rJLG,Educating breast cancer patients about treatment options. Advocating for informed patient choices & public awareness 845 339-HOPE hope@breastcanceroptions.org,120,600
20992429.0,LBBC,LivingBeyondBC,https://twitter.com/LivingBeyondBC,https://t.co/MrHh6osZoc,The mission of Living Beyond Breast Cancer (LBBC) is to connect people with trusted breast cancer information and a community of support.,2164,10481
50212528.0,NBCF Australia,NBCFAus,https://twitter.com/NBCFAus,http://t.co/JieVgKw3qP,The National Breast Cancer Foundation is Australia's leading community-funded organisation funding game-changing research towards zero deaths from breast cancer,1493,10634
24456311.0,Komen LA County,komenla,https://twitter.com/komenla,https://t.co/YF9rbC7udN,The Los Angeles County Affiliate of Susan G Komen raises funds to support local breast cancer services and national breast cancer research programs,2054,4810
37295626.0,The Silver Pen,hollyejacobs,https://twitter.com/hollyejacobs,https://t.co/6MNY3mMGSb,"Speaker, @nytimes Bestselling Author of The Silver Lining A Supportive & Insightful Guide to Breast Cancer, nurse & breast cancer survivor. https://t.co/k254gmxbja",48,2954
119519795.0,BCNA,BCNAPinkLady,https://twitter.com/BCNAPinkLady,https://t.co/ywxIKzNlba,Breast Cancer Network Australia (BCNA) works to create a better cancer journey for Australians with breast cancer,964,4877
48402300.0,Cayman Breast Cancer,CaymanBCF,https://twitter.com/CaymanBCF,http://t.co/4UQlRUUfqI,The Breast Cancer Foundation of the Cayman Islands,306,616
115979444.0,Debbie Wasserman Schultz,DWStweets,https://twitter.com/DWStweets,https://t.co/R5UpTCuwFP,"Dog loving, clean cooking, breast cancer-surviving, Florida Gator cheering, softball-playing mother of three fighting in Congress on behalf of South Floridians.",861,366979
368683146.0,BreastCancerAnswers,BreastCancerDr,https://twitter.com/BreastCancerDr,http://t.co/4zKcSjhMrf,"Dr. Jay K. Harness, Breast Surgeon and Expert at http://t.co/cqZi98cioD. This account is managed by the #BCA Team. Tweets from Dr. Harness will be signed -JKH.",924,1661
7.58e+17,"Janet Maker, Ph.D.",TWGBreastCancer,https://twitter.com/TWGBreastCancer,https://t.co/6TBleVP41d,"The Thinking Woman's Guide to Breast Cancer, by Janet Maker, Ph.D., is written to empower patients to take charge of their health care #breastcancer #bcsm",1004,619
606230774.0,Making Strides Walk,MakingStrides,https://twitter.com/MakingStrides,http://t.co/2q6AyBu4NO,The official Twitter for Making Strides Against Breast Cancer. Walk for a world with less breast cancer. Celebrating 20 years of saving lives.,473,7159
33260078.0,#NAME?,UVharvey,https://twitter.com/UVharvey,https://t.co/m7Kvh2EsVD,"Married 39years-Donna. Director-National Accounts -Chef Works, Inc. / Co-founder HIS Breast Cancer Awareness, Inc. Saving men's Lives. 4 for four PhillySports!",726,354
188278629.0,Breast Cancer Blog,_Breast_Cancer,https://twitter.com/_Breast_Cancer,https://t.co/TBLLCOXKE5,"About breast cancer treatment, prevention, genetics, causes, screening, clinical trials, research and statistics",41,266
76403083.0,NBCC,Deadline2020,https://twitter.com/Deadline2020,http://t.co/FceUKhODB8,"The National Breast Cancer Coalition (NBCC) is dedicated to knowing how to end breast cancer by Jan 1, 2020. For more info: http://t.co/WvLBI7GxZY",796,4769
2818949705.0,HER 2 Breast Cancer,her2bc,https://twitter.com/her2bc,http://t.co/3iLmNYiPWY,"An initiative for women diagnosed with HER2 positive breast cancer, and for loved ones to gain better understanding & to share inspirational stories.",253,668
1945225556.0,Breast Cancer Blog,pinkboobjob,https://twitter.com/pinkboobjob,,July 2013 diagnosed with Tubular Breast Cancer and DCIS. October 2013 had Left Mastectomy and immediate implant reconstruction. October 2018 discharged from FU,353,512
49620730.0,Ali Rogin,AliABCNews,https://twitter.com/AliABCNews,https://t.co/hNH9tYpc6l,"@ABC producer/reporter. Amateur accordionist. Pug enthusiast. Breast cancer ""previvor."" Links & retweets aren't endorsements. Opinions are my own.",5845,28622
42995996.0,Komen Orange County,KomenOC,https://twitter.com/KomenOC,http://t.co/CTkkdRhnFl,"Our vision is a world without breast cancer, and our vow to end breast cancer forever has become the promise of millions.",1582,5115
14506539.0,Latha Srinivasan,latasrinivasan,https://twitter.com/latasrinivasan,,Editor. Films. Books. Food. Travel. Life Critique. ‚ù§Ô∏è Dogs. kicked breast cancer. Tweets = Personal,2898,93370
34746526.0,BreastCancerTrials,BCTrials,https://twitter.com/BCTrials,http://t.co/3Bm6dZUQIu,"On https://t.co/m1ierzLXjx you can learn about & search for trials. We also offer Metastatic Trial Search & Metastatic Trial Talk, a news & education resource.",1086,1791
31002036.0,Danny Wood,dannywood,https://twitter.com/dannywood,https://t.co/JOFeaiYRzz,"@rememberbetty fundraiser for breast cancer patients, member of NKOTB, fitness advocate, InstaGram: @dannywoodofficial I don‚Äôt have a Facebook page!",17710,202838
15065333.0,Susan G. Komen 3-Day,The3Day,https://twitter.com/The3Day,http://t.co/UuEHxSPwca,3 days. 60 miles. The greatest distance you can go in the fight to end breast cancer. Posts to #The3Day may be re-posted on other social media.,6302,22897
421024033.0,Mike Phillips,mikephillips009,https://twitter.com/mikephillips009,https://t.co/vqeG0R5bqm,Former professional rugby player for Wales / British & Irish Lions. Breast Cancer Care Cymru Ambassador. Professional inquiries infoMikePhillips@gmail.com,982,301792
195106153.0,BootOutBreastCancer,BootOutBC,https://twitter.com/BootOutBC,https://t.co/cYL3BLkDvd,"Raising funds to buy equipment for the NHS. Patrons Dame Sarah Storey, Alan Shearer CBE, Prof Andrew Baildam & Mayor of Manchester Andy Burnham. @TeamBootOutBC.",2533,3207
172848745.0,SHARE Cancer Support,SHAREing,https://twitter.com/SHAREing,http://t.co/1ABul5fjtV,"SHARE supports, educates, and empowers people affected by breast or ovarian cancer.",2118,3898
754515937.0,After Breast Cancer,ABC_program_,https://twitter.com/ABC_program_,https://t.co/TIIip31E8G,We provide #bras #camisoles & #breastprostheses to #breastcancer #women survivors w/limited financial capacity-no cost to them-after #breastsurgery 416-560-3835,2492,3466
24952382.0,Holly Wagner,HollyWagnerLA,https://twitter.com/HollyWagnerLA,https://t.co/sBoN2Bub5i,"Lover of God, life, people & coffee! Wife of @PhilipWagnerLA, founder of @SheRisesLA. Pastor @OasisLA & author of Find Your Brave and breast cancer survivor.",338,31627
82313393.0,Jacquie Beltrao,SkyJacquie,https://twitter.com/SkyJacquie,https://t.co/0lGygmcJ1a,"Sky News sports presenter, wife, mother, Arsenal fan, former Olympic gymnast, Inspirational Woman winner - know a lot about breast cancer. Insta - @skyjacquie",2093,63112
95273513.0,Elaine Schattner,ESchattner,https://twitter.com/ESchattner,https://t.co/3LdHzkJO8s,I'm writing a book on cancer attitudes. Former oncologist & researcher. One of millions alive after breast cancer. Chronic illness. Patient. Advocate. Swimmer.,9596,16961
39475490.0,CoppaFeel!,CoppaFeelPeople,https://twitter.com/CoppaFeelPeople,https://t.co/Sb7hACSDkC,We're here to ensure everyone has the best possible chance of surviving breast cancer. Simple as that. Creators of the @uniboobteam & @theboobettes,1646,43132
20193529.0,Dr Jude Capper ü•õüêÑüßÄ,Bovidiva,https://twitter.com/Bovidiva,https://t.co/M1lQmuqvl0,Livestock sustainability consultant. Animal scientist. Breast cancer patient. Mum. 2018 Farmers Guardian Farming Hero. Dairy Industry Woman of the Year 2017.,1256,10103
15466121.0,Tamsen Fadal PIX11,TamsenFadal,https://twitter.com/TamsenFadal,https://t.co/INdIlAAO9L,Emmy-Award Anchor @PIX11News 5/6/10pm. Host of @Broadwaycom Profiles. Author @NewSingleBook. Vegetarian. Yoga. New Yorker. Advocate Breast Cancer Awareness.,8535,33012
25677869.0,N OH Breast Cancer,OHBreastCancer,https://twitter.com/OHBreastCancer,http://t.co/5Ms7SpUF2o,Survivors Working For A Cure,73,3340
460376288.0,Heidi Heitkamp,HeidiHeitkamp,https://twitter.com/HeidiHeitkamp,,"Former U.S. Senator, former ND Atty Gen & former ND Tax Commish. Wife, mom, sister. Breast cancer survivor, redhead & pilates enthusiast. CNBC contributor",228,27728
266616738.0,National Breast Cancer Research Institute,BCResearchIre,https://twitter.com/BCResearchIre,https://t.co/HVO69mTzPw,"The charity funds a comprehensive research programme at the National University of Ireland, Galway.",2029,1773
21121647.0,zoraida sambolin,Zoraidasambolin,https://twitter.com/Zoraidasambolin,https://t.co/3OUkzffequ,"Mother, wife, breast cancer survivor, @NBCchicago Morning News co-anchor,",195,12590
7.13e+17,Breast Cancer Book,PatSullivanAuth,https://twitter.com/PatSullivanAuth,https://t.co/1BL3u6vEuP,"Author/Illustrator. Using gentle wit, this book takes you on an adventure thru the #cancer & #chemo exp. in a healing, & inspirational way. Coming soon!",923,1193
3187051730.0,DAM. MAD. About Breast Cancer,dammadbrstcancr,https://twitter.com/dammadbrstcancr,https://t.co/XJa5hzDnGW,"Dietitian/survivor sharing trusted, practical nutrition, fitness, wellness resources to inspire, inform, guide newly diagnosed. Speaker | Blogger #prehab",1179,871
254287052.0,Tina W,tmwinsett,https://twitter.com/tmwinsett,,"Mom:2girls,youngest w/autism;Proud grandma;former Social Worker;UF Alum;Breast cancer surv;Hate dementia(took mom)",2056,3074
92589352.0,Kikkan Randall,kikkanimal,https://twitter.com/kikkanimal,https://t.co/xbuuOOJe8B,5x Olympian & 2018 Olympic Champion. IOC Member. President of Fast and Female USA. Active Mom. LL Bean brand ambassador. Breast cancer survivor.,320,19065
22151557.0,Avon Cosmetics,Avon_UK,https://twitter.com/Avon_UK,http://t.co/eHigZNUYs8,The official Avon UK page. Fighting wrinkles with one hand and Breast Cancer with the other. For 130 years we‚Äôve stood for innovative beauty but above all WOMEN,6438,103102
31445431.0,Breastcancer.org,Breastcancerorg,https://twitter.com/Breastcancerorg,http://t.co/MArYxvxISb,"Nonprofit organization dedicated to providing the most reliable, complete, and up-to-date information about breast cancer and breast health.",855,18000
14364337.0,Jennifer Hayden,Scout_Finch,https://twitter.com/Scout_Finch,https://t.co/mVMa2qaHa8,"Trending News Manager @dailykos, Jayhawker, National Park enthusiast, breast cancer survivor",1639,19369
900595926.0,Marg Helgenberger,MargHelgen,https://twitter.com/MargHelgen,,"actor, mom, football fan, breast cancer and MS fundraising advocate.",352,39929
127200735.0,Kris Hallenga,KrisPoB,https://twitter.com/KrisPoB,https://t.co/Pfp8DFTgaG,Founder @coppafeelpeople / @bbcthree film/ LIVING WITH stage 4 breast cancer since '09 / speaker (kriscanspeak@gmail.com) / columnist / identical twin/ baker,1779,32144
7339142.0,Liz Dwyer,losangelista,https://twitter.com/losangelista,https://t.co/b2ER8LcF6e,"managing editor, https://t.co/b2ER8LcF6e | Depeche Mode fangirl, breast cancer survivor, marathoner, mom. House Music All Night Long | lizdwyerwrites@gmail.com",4673,9999
39787331.0,Felicia Knaul,FeliciaKnaul,https://twitter.com/FeliciaKnaul,https://t.co/B5Ln13DEle,Mother2girls w @julio_frenk. Live breast cancer. Pres&Fndr @tomateloapecho Author: Beauty Without the Breast; Dir @univmiami Inst Americas &Prof @umiamimedicine,703,3692
302247062.0,Ann Caruso,Ann_Caruso,https://twitter.com/Ann_Caruso,https://t.co/vKfo7J1qs4,Fashion Editor / Celebrity Stylist/ Influencer /Breast Cancer Advocate https://t.co/EUCcHS7WZ1,1927,6762
23032467.0,Hil Moss,hilmoss,https://twitter.com/hilmoss,https://t.co/fpQ7ufz2C4,"MBA Candidate at @YaleSOM, on leave to ü•ä breast cancer. Former strategy & innovation lead for culture @laplacacohen & @culturetrack.",729,580
47399250.0,Beth-Ann Lesnikoski,drbethjfk,https://twitter.com/drbethjfk,https://t.co/DaYmPmNWK4,"passionate #breastcancer surgeon & educator bringing the best breast & related cancer news; focus: innovation, genetics, genomics, exercise, weight & lifestyle",1064,877
251105474.0,Antonio Venturini,TonyVenturini,https://twitter.com/TonyVenturini,https://t.co/i6seQ0bJxh,"appreciating life. value-adder. cement. f…ôÀàlanTHr…ôp…ôst. innovation chaser. entrepreneur. breast cancer survivor, see https://t.co/AIEkeGckr1",1144,578
2350218440.0,Germany,DFB_Team_EN,https://twitter.com/DFB_Team_EN,https://t.co/LT91OvqQ9s,"#DieMannschaft in English üá©üá™üá¨üáß

News from the Germany national teams & DFB! DE: @DFB_Team | ES: @DFB_Team_ES

Imprint: https://t.co/SRtk0tQsid",58,746649
16029855.0,Alcatel-Lucent,Alcatel_Lucent,https://twitter.com/Alcatel_Lucent,http://t.co/2epsGdkchv,"We have now joined Nokia. To continue receiving our updates in English, follow us on @nokia and @NokiaNetworks.",2383,42385
227653209.0,German Mission to UN,GermanyUN,https://twitter.com/GermanyUN,https://t.co/HeCRjuBU6X,Official account of the Permanent Mission of Germany to the United Nations. #GERinUNSC #strongerUNited,1624,45341
15840909.0,Northrop Grumman,northropgrumman,https://twitter.com/northropgrumman,https://t.co/ay2kDRYSYd,"We are a leading global security company specializing in autonomous systems, cyber, C4ISR, logistics, space, & strike. Following and RTs ‚â† endorsement.",670,182290
17557380.0,Amnesty Deutschland,amnesty_de,https://twitter.com/amnesty_de,http://t.co/r2xFLGRmQC,"Von der √ñffentlichkeit geh√∂rt, von Menschenrechtsverletzern gef√ºrchtet: Amnesty International.",799,209098
31082945.0,Rea Garvey,ReaGarvey,https://twitter.com/ReaGarvey,https://t.co/N7AZhABzfy,|| GET YOUR TICKET FOR THE NEON LIVE SUMMER 2019: https://t.co/N7AZhABzfy,263,170199
50965086.0,US-Botschaft Berlin,usbotschaft,https://twitter.com/usbotschaft,https://t.co/wOWx9BEhOM,"Diplomatische Vertretungen der üá∫üá∏Vereinigten Staaten von Amerika in Deutschland / @usbotschaft|er 
Richard Grenell",649,14357
2597803777.0,Adam H. Schechter,AdamHSchechter,https://twitter.com/AdamHSchechter,https://t.co/ix18DGcGNw,"President of Merck Global Human Health, @Water Advocate, Sponsor of the Merck Women's Network, Global Traveler, and Father of 3.",568,6335
15085627.0,Alcoa,Alcoa,https://twitter.com/Alcoa,https://t.co/cSh5OBBc51,"Alcoa is a global industry leader in bauxite, alumina and aluminum products, with a strong portfolio of cast and rolled products and substantial energy assets.",5274,26602
172496840.0,Eli Lilly and Company,LillyPad,https://twitter.com/LillyPad,https://t.co/gOf6Tnvkbv,Lilly unites caring with discovery to create medicines that make life better for people around the world. https://t.co/LImF7tcvmO,1356,110453
132588642.0,Kodak,Kodak,https://twitter.com/Kodak,https://t.co/4Cq12kBgrE,Enabling creativity since 1880. ‚†Ä ‚†Ä https://t.co/W8m5X9napc,483,41099
452181841.0,Warner Music Germany,warnermusicde,https://twitter.com/warnermusicde,https://t.co/ubA0xdn8cb,"N√§her dran an der Musik! Der direkte Draht zu Ed Sheeran, Bruno Mars, Muse, Twenty One Pilots, Foals, Robin Schulz, Major Lazer, Coldplay, Beatsteaks  u.v.m.",1559,22910
360054369.0,Abbott,AbbottNews,https://twitter.com/AbbottNews,http://t.co/UBghHfSbiA,"This is technology at its most personal, to help you live your best, healthiest life. #lifetothefullest https://t.co/6IcXSYxpuw",4970,66860
1934702336.0,Abbott,AbbottGlobal,https://twitter.com/AbbottGlobal,http://t.co/UBghHfSbiA,"We help people live fully with our life-changing technology. Follow us toward a healthy future. 
TOU: https://t.co/6IcXSYxpuw",3149,30188
578412819.0,Germany Kent,GermanyKent,https://twitter.com/GermanyKent,https://t.co/PzEJRvYA2a,Best Selling Author: You Are What You Tweet | Journalist | Producer | Activist |  Media Pundit | Philanthropist ‚ù§Ô∏è üåé retweets ‚â† endorsement #HailState #RollTide,43094,70961
295763337.0,Balfour Beatty,balfourbeatty,https://twitter.com/balfourbeatty,https://t.co/m47iyApR04,"Balfour Beatty is a leading international infrastructure group. We finance, develop, build and maintain the vital infrastructure that we all depend on.",968,63612
178237982.0,Steve Bellamy,Stevenjbellamy,https://twitter.com/Stevenjbellamy,https://t.co/OLquI8UiMk,"Pres of Kodak Motion Picture, In AA (analogs anonymous) movie writer/director, Founder of Tennis, Ski, Surf, Skate Channels, vegan, animal rescuer, guitar lover",509,23554
17804635.0,Gaidar Magdanurov,gaidar,https://twitter.com/gaidar,https://t.co/u4KmXWZGRF,"Technology geek, CMO at @Acronis.",279,8227
62622531.0,Emerson,Emerson_News,https://twitter.com/Emerson_News,https://t.co/a6J1mhAZ7k,"Where technology and engineering come together to create global solutions, driven without compromise for a world in action.
https://t.co/A6haet3XRx",757,15771
16351266.0,MicrochipTech,MicrochipTech,https://twitter.com/MicrochipTech,http://t.co/f9OzXK8sQf,"8-/16-/32-bit MCUs, analog and Flash-IP solutions. We will be most able to respond to customer questions between the hours of 7 am to 5 pm MST",292,41842
281947473.0,Cafcass,MyCafcass,https://twitter.com/MyCafcass,https://t.co/oihEJC1dQO,"We look after the interests of children in family courts. Tweets are monitored between 9am and 5pm Monday - Friday.

https://t.co/FVW9NqIqIB",541,9569
2548588483.0,Belden Enterprise,BeldenEC,https://twitter.com/BeldenEC,https://t.co/3UBEV0LaZm,Our End-to-End Expertise. Your End-to-End Solution,865,7439
8.274507355289068e+17,HansJ√ºrgen Heimsoeth,GermanAmbSWE,https://twitter.com/GermanAmbSWE,https://t.co/zxnWsie3e3,German Ambassador to Sweden. RT not endorsements. Views are my own.,170,563
20679530.0,*Account Closed*,SnellAdvMedia,https://twitter.com/SnellAdvMedia,https://t.co/pPe8BDSSNP,"Snell Advanced Media is now part of Grass Valley, a Belden Brand. Please follow @GrassValleyLive for current announcements.",2420,4712
205012816.0,IGT,IGTNews,https://twitter.com/IGTNews,http://t.co/EjR2vwzsKz,IGT is the world's leading end-to-end gaming company.,866,14363
1.0416273819983544e+18,Germany in Bangladesh,GermanEmbassyBD,https://twitter.com/GermanEmbassyBD,https://t.co/dGQNuaIn4K,"This is the official Twitter account of the German Embassy in Dhaka
https://t.co/QRu615ewvn",14,929
78270570.0,Die Mannschaft,DFB_Team,https://twitter.com/DFB_Team,https://t.co/u14qyERQMd,"Offizieller Account von #DieMannschaft. 
English: @DFB_Team_EN 
Espa√±ol: @DFB_Team_ES 
Impressum: https://t.co/L9OXg92DZk",239,3297862
29840152.0,MTV.de,MTV_Germany,https://twitter.com/MTV_Germany,http://t.co/1ALGmXkJm8,"Musik, Shows, Gossip, Free Stuff - Hier twittert die Onlineredaktion von MTV Germany! 
Impressum: https://t.co/ogwOrgTvkL",1239,202503
15425377.0,Airbus,Airbus,https://twitter.com/Airbus,https://t.co/vQlUR2MgX0,Live updates from the people that build the world's best planes and pioneer the future of aerospace. #WeMakeItFly ‚úàÔ∏è,1197,587366
76644468.0,Bundesrat,bundesrat,https://twitter.com/bundesrat,http://t.co/u1u0ZUGGHT,"Das Neueste zu Initiativen, Beschl√ºssen und Terminen des Bundesrates. 
Hier twittert das Team der Onlineredaktion. 
Impressum: https://t.co/UblzeoO4UX",659,95269
16695590.0,Vodafone Deutschland,vodafone_de,https://twitter.com/vodafone_de,https://t.co/FsfpEVUQHx,Hier twittert Vodafone Deutschland. Bei Fragen hilft @vodafoneservice Impressum: https://t.co/nztM1T0CBe,1992,71094
3313074693.0,BVerfG,BVerfG,https://twitter.com/BVerfG,http://t.co/EHiPt9PH2B,Aktuelle Pressemitteilungen des Bundesverfassungsgerichts -  Impressum: http://t.co/XfN5snMY74,0,23880
252592147.0,Destatis,destatis,https://twitter.com/destatis,https://t.co/VddFMS79Jg,Hier twittern wir aus dem Statistischen Bundesamt zu aktuellen Themen von Bev√∂lkerung bis Wirtschaft. Netiquette: https://t.co/3zwyidm278,108,19484
106053.0,SPORT1,SPORT1,https://twitter.com/SPORT1,https://t.co/OgiAwsbXUa,Offizieller Twitter-Account von SPORT1,1881,579982
2729308130.0,Vodafone 24h Service,vodafoneservice,https://twitter.com/vodafoneservice,http://t.co/wQNfVwtXEi,"Willkommen im Service-Kanal von @vodafone_de - wir freuen uns rund um die Uhr auf Deine Fragen, Anregungen und √ºber Dein Feedback.",9,18216
252952532.0,BMVI,BMVI,https://twitter.com/BMVI,http://t.co/e7TAJTLMfU,Aktuelles aus dem Bundesministerium f√ºr Verkehr und digitale Infrastruktur (BMVI),213,35163
37911640.0,Sony Music Germany,sonymusicde,https://twitter.com/sonymusicde,http://t.co/4Migm4mRoS,"Offizieller Channel von Sony Music Entertainment Germany. Alle Infos zu unseren K√ºnstlern. Sprich uns gerne an, wir versuchen dir zu helfen.",643,22792
26458162.0,SPD Parteivorstand,spdde,https://twitter.com/spdde,https://t.co/Afn7SG0Tdn,Tweets aus der Parteizentrale der #SPD. Auf spd.de gibt's alles rund um sozialdemokratische Politik. Schaut vorbei!,3871,354252
34012808.0,Sensation,sensation,https://twitter.com/sensation,http://t.co/hF49SZbabg,The World's Leading Dance Event,745,59885
3066016678.0,India in Germany,eoiberlin,https://twitter.com/eoiberlin,https://t.co/83KboOjFz6,"Embassy of India in Berlin, Germany",373,27531
14341194.0,Piratenpartei,Piratenpartei,https://twitter.com/Piratenpartei,https://t.co/zTPgPtnecP,"Hallo, Zukunft. Goodbye, Steinzeit. W√§hle das gr√∂√üte Digital-Kollektiv: Piraten. Freu dich aufs Neuland.",13512,153018
38689024.0,Smudo,lesmoureal,https://twitter.com/lesmoureal,https://t.co/22HhxkvApI,Die Fantastischen Vier - Fahren - Fliegen - Plattenlegen - Sprechen - H√∂ren - Lesen - smudo@smudo.com,257,136203
46078180.0,VIVA.tv,vivaonline,https://twitter.com/vivaonline,http://t.co/Fdd561myXi,"VIVA auf Twitter mit News & Gossip von Euren Lieblings-Celebrities, neuen Musikvideos, spannenden Lifestyle- und Fashion-Stories. Impressum: https://t.co/yqh6uTYdKB",1644,191341
1.0148019623264788e+18,Hannes Ametsreiter,H_Ametsreiter,https://twitter.com/H_Ametsreiter,https://t.co/nAWk8SPu7r,Vodafone Fan. Und CEO. Es gibt nur eine Richtung - die Zukunft. üöÄ,198,2066
78272138.0,DFB-Frauenfu√üball,DFB_Frauen,https://twitter.com/DFB_Frauen,https://t.co/xa1d1JuL73,"Offizieller Account der Frauen-Nationalmannschaft, der U-Teams, der Allianz Frauen-Bundesliga und des DFB-Pokals. Impressum: https://t.co/w6rLLj170g",137,52252
183437947.0,Andreas Bourani,bourani,https://twitter.com/bourani,https://t.co/oDG14JKKgk,‚òÖ  …™·¥Ñ ú  ô…™…¥ ·¥á…™…¥·¥á …™·¥Ö·¥á·¥á,1,167177
7.043315083713004e+17,Selecci√≥n Alemana,DFB_Team_ES,https://twitter.com/DFB_Team_ES,https://t.co/LT91OvqQ9s,#DieMannschaft en espa√±ol. ¬°Noticias de la selecci√≥n alemana! Alem√°n: @DFB_Team | Ingl√©s: @DFB_Team_EN | Informaci√≥n: https://t.co/w9y8Nmny7X,76,64566
291791040.0,The Voice of Germany,TheVoiceGermany,https://twitter.com/TheVoiceGermany,http://t.co/N7YHalceEh,Der offizielle Account zu #TVOG.,404,213019
3305603321.0,Make it in Germany,MakeitinGermany,https://twitter.com/MakeitinGermany,http://t.co/WjfdqTNkRw,"Working, learning & living in Germany. Follow the official ‚ÄúMake it in Germany‚Äù Twitter account for the latest updates.",516,14949
613201592.0,I am Germany // NomanHaris,I_amGermany,https://twitter.com/I_amGermany,https://t.co/XVVrBhK2Kk,Germany's #rocur | Apply to Curate (Link Below) | This week it's @Noman_Haris_ from Nuremberg sharing life and time in Germany.,3608,13830
274985570.0,Dt. Basketball Bund,DBB_Basketball,https://twitter.com/DBB_Basketball,http://t.co/kQs47xTDFV,Offizieller Twitter-Account des Deutschen Basketball Bundes e.V.,234,40557
3823848513.0,Amazon.de,amazonDE,https://twitter.com/amazonDE,http://t.co/LUZcvAjXoq,Offizieller Twitter Account von https://t.co/CLdP5XrH4O. Unser Kundenservice ist unter @AmazonHelp erreichbar.,2,13857
1543415318.0,BMAS,BMAS_Bund,https://twitter.com/BMAS_Bund,https://t.co/oaV3KHVvsM,Aktuelle Nachrichten aus dem Bundesministerium f√ºr Arbeit und Soziales. Impressum: https://t.co/XPuXJrgVa7,251,33345
21397917.0,The Local Germany,TheLocalGermany,https://twitter.com/TheLocalGermany,https://t.co/kPi9UCBBj4,"Germany's news in English, part of @TheLocalEurope's network. Tweets by @rthejournalist and @rachloxton",1744,28190
87028690.0,GermanysNextTopmodel,topmodel,https://twitter.com/topmodel,https://t.co/LDkSUQfwsM,Der offizielle Account von Germany‚Äôs  next Topmodel! Twittert unter: #GNTM,1346,20095
407763358.0,Germany Trade & Invest,GTAI_com,https://twitter.com/GTAI_com,http://t.co/KbHeIBAxWv,Germany Trade & Invest (GTAI) is the foreign trade and inward investment agency of the Federal Republic of Germany. RT ‚â† endorsement |  https://t.co/UOwq5etayf,589,8835
602626619.0,Energiewende Germany,EnergiewendeGER,https://twitter.com/EnergiewendeGER,https://t.co/qnEUxc9GBa,Energy transition news from Germany and around the world. Account managed by the Heinrich-B√∂ll-Stiftung. Impressum: https://t.co/Qnz96CARNA,1202,19387
3384257355.0,Thomas Helmer,thomashelmer5,https://twitter.com/thomashelmer5,http://t.co/SaereS0mUY,Moderator @SPORT1_dopa und @SPORT1 | Europameister | Deutscher Meister | ehemaliger Fu√üballer,182,17746
17396167.0,Germany Tourism,GermanyTourism,https://twitter.com/GermanyTourism,http://t.co/2R3FDlrpat,"Welcome! Willkommen! to the Twitter Account of the German National Tourist Office. We encourage your suggestions, questions and engagement. See you in Germany!",1098,48784
15484279.0,Seacology,seacology,https://twitter.com/seacology,http://t.co/MBMZY3uSF4,"Protecting the unique species, habitats, and cultures of islands worldwide",548,11070
1001390960.0,Research in Germany,ResearchGermany,https://twitter.com/ResearchGermany,https://t.co/mUrhCYAtZY,"Information about research and funding opportunities, open PhD and research positions, news and upcoming events in Germany. Imprint: https://t.co/Uyy8Jxv4c5",393,56347
370316668.0,MBDA,byMBDA,https://twitter.com/byMBDA,http://t.co/2YJREV3k4b,Corporate information from MBDA Missile Systems #missile #defence #defense,486,10547
2841829473.0,Olaf Schr√∂der,SchroederOlaf,https://twitter.com/SchroederOlaf,http://t.co/eUjDzkLeDB,Vorsitzender der Gesch√§ftsf√ºhrung @SPORT1,218,1776
114452273.0,Promi Big Brother,promibb,https://twitter.com/promibb,https://t.co/jIgNCHApkX,"Der offizielle Account zu Promi Big Brother - die neue Staffel: ab 17. August, 20:15 Uhr, in SAT.1! https://t.co/xJrDgTRi1P",118,39263
120140878.0,SILBERMOND,SILBERMOND,https://twitter.com/SILBERMOND,http://t.co/tx5PdnHDnf,"Dies ist der offizielle Silbermond-Twitter -Account!  - Stefanie Klo√ü, Andreas Nowak, Johannes Stolle, Thomas Stolle -",40,101872
60567451.0,wXw Germany,wXwGermany,https://twitter.com/wXwGermany,https://t.co/Jg6oulayOp,"Love Wrestling - Hate Racism // Live events all over Germany, tour dates at https://t.co/VnlQC2NZPf // Over 1.500 Hours of wrestling on https://t.co/ljSoEzsdSq",154,12660
1683654476.0,HarpersBAZAARGermany,HarpersBAZAARGe,https://twitter.com/HarpersBAZAARGe,http://t.co/xPOVdY6hWW,The official Twitter account for Harper's BAZAAR Germany,896,26623
297887170.0,Cricket Germany üèè,Cricket_Germany,https://twitter.com/Cricket_Germany,https://t.co/m4Bm3g2ZNj,"The German Cricket Federation is an Associate member of the ICC. Growing men's, women's and youth cricket in all parts of Germany. #Cricket in #Deutschland",207,13253
21082756.0,Deutschland.de/en,en_germany,https://twitter.com/en_germany,https://t.co/dYPXgi96hb,"https://t.co/u1qp9l1yNo aims to present a comprehensive and topical picture of Germany abroad.
https://t.co/Nqr9UVyAEZ",2689,26034
71257438.0,Fanta 4,fantastische4,https://twitter.com/fantastische4,http://t.co/V1fZtKNyBi,Offizieller Account - Die Fantastischen Vier,35,55651
47948264.0,WikimediaDeutschland,WikimediaDE,https://twitter.com/WikimediaDE,https://t.co/CDf5uSyE0Q,Gesellschaft zur F√∂rderung Freien Wissens,760,6322
20766870.0,Deutsche Umwelthilfe,Umwelthilfe,https://twitter.com/Umwelthilfe,http://t.co/qd88krIXR5,"Die Deutsche Umwelthilfe ist ein gemeinn√ºtziger Natur-, Umwelt- und Verbraucherschutzverband. Hier twittert das Team der DUH. Impressum: http://t.co/9LjFt3HSFP",1142,42744
2825932033.0,Italy in Germany,ItalyinGermany,https://twitter.com/ItalyinGermany,https://t.co/zvQ9gosPMq,Ambasciata d'Italia in Germania / Botschaft der Italienischen Republik in Deutschland / Italian Embassy in Germany,752,4905
976147104.0,joiz Germany,joizde,https://twitter.com/joizde,https://t.co/XeKGtIeYuZ,"Chatten, einchecken, abstimmen & coole Produkte absahnen.",1828,28037
8.169883455491236e+17,Army's Unite Germany,ger_unite_bts,https://twitter.com/ger_unite_bts,,"German Fanbase / Fan Account for #BTS ( #Î∞©ÌÉÑÏÜåÎÖÑÎã® @BTS_twt @bts_bighit ) √úbersetzungen von Tweets, Terminplan und vieles mehr üëâ Germany BTS",89,31643
34565219.0,Comedy Central Germany,ComedyCentralTV,https://twitter.com/ComedyCentralTV,https://t.co/0FtoAzldPw,"Offizieller Account von COMEDY CENTRAL Deutschland, √ñsterreich und der Schweiz.",1430,16612
337881732.0,Revell,RevellGermany,https://twitter.com/RevellGermany,http://t.co/pkjaEgcnvP,"Official tweets of Revell Germany.

Fascinating model kits and RC models
-
Imprint: http://t.co/rjDAUEWDrA",49,5828
7.857192209652163e+17,German Consulate EBL,GermanyInKRI,https://twitter.com/GermanyInKRI,https://t.co/4TJ8ZDCNzD,Consulate General of Germany in Erbil ⁄©ŸàŸÜÿ≥Ÿà⁄µ⁄Ø€ïÿ±€å€å ⁄Øÿ¥ÿ™€å€å ÿ¶€ï⁄µŸÖÿßŸÜ€åÿß ŸÑ€ï Ÿá€ïŸàŸÑ€åÿ± Imprint: https://t.co/86qHPRRaRY,127,6451
8.938323103653356e+17,EastGermanyOnline,DDROnline,https://twitter.com/DDROnline,,"*Not to condone or condemn East Germany, but to inform* Maintained by Dr Richard Millington, Senior Lecturer in German, UniChester, UK. Opinions my own. üá™üá∫",885,6141
90891380.0,Sony Deutschland,SonyDeutschland,https://twitter.com/SonyDeutschland,http://t.co/MZ8bzayew7,"Dies ist der offizielle Twitter Account von Sony in Deutschland. Hier gibt es alle Informationen rund um Produkte, Kampagnen und Promotions.",280,18924
21482222.0,Deutschland Germany,Lokalzeitung,https://twitter.com/Lokalzeitung,http://t.co/asiDU9aHVg,Deutschland Kunst Kultur Immobilien Museum Messe Berlin Hamburg M√ºnchen K√∂ln D√ºsseldorf Germany Gallery Art Cologne Fair Basel Paris London NYC Sydney Dubai,310,9378
517699719.0,AmCham Germany,AmChamGermany,https://twitter.com/AmChamGermany,https://t.co/iDMIWFvGGg,The American Chamber of Commerce in Germany e.V. is the largest business organization in Europe representing the interests of American and German businesses.,1991,3097
29430750.0,Evangelische Kirche,EKD,https://twitter.com/EKD,http://t.co/sv7B1ODcbH,Evangelische Kirche in Deutschland (EKD): Hier twittert die Stabsstelle Kommunikation - Kirchenamt der EKD. Impressum: http://t.co/QUQQR5ZKi3,169,19272
552163959.0,GermanEmbassyOttawa,GermanyInCanada,https://twitter.com/GermanyInCanada,http://t.co/WfRn0kKNeX,The Communication & Culture Team of the German Embassy presents the best of Germany in Canada. Legal notice: https://t.co/ZHJbhVvhlc,706,5388
175875358.0,Matthias Becker,beckmatt23,https://twitter.com/beckmatt23,https://t.co/OgiAwsbXUa,"Stellvertretender Chefredakteur Digital @SPORT1 | ‚ÄûEs ist alles gesagt, nur noch nicht von allen‚Äú | M√ºnchen",891,1320
72821989.0,Fujitsu CE,Fujitsu_DE,https://twitter.com/Fujitsu_DE,http://t.co/kd5DPhweoH,Wir stehen f√ºr #Innovation #Technologie #Digitalisierung #Blockchain #Industrie40 #Services #Solutions #CoCreation #ClientComputing #Storage #Server,942,8675
1202418816.0,Jonas Beck,jb_jonezman,https://twitter.com/jb_jonezman,https://t.co/OgiAwsbXUa,Product-Owner Video @sport1,238,953
3092717331.0,LEO Pharma GmbH,LEOPharmaDE,https://twitter.com/LEOPharmaDE,http://t.co/eEhKgZjIqo,"Pharmazeutisches Unternehmen, spezialisiert auf die Therapie von Hauterkrankungen und Thrombosen. http://t.co/fDpJDhR1w9",94,845
2784035192.0,Christoph Israng,velvyslanec_SRN,https://twitter.com/velvyslanec_SRN,http://t.co/nWB1yoQaKL,"Deutsche Botschaft Prag 
Impressum: https://t.co/SLHhPfhhFP",200,1339
21185175.0,Wines of Germany,WinesofGermany,https://twitter.com/WinesofGermany,http://t.co/Y94t2KiL8S,Wines of Germany is the UK PR & marketing body for the Deutsches Wein Institut (DWI). We're on Facebook and Instagram too https://t.co/Ld0AGgJJEN,1525,13534
2341853726.0,GIC Africa,GermanyInAfrica,https://twitter.com/GermanyInAfrica,https://t.co/wPJBoN9SKa,"Current affairs, events & info about Germany & its partnership with Africa - Official account of the GIC Africa",120,3702
1953605191.0,Germany in Karachi,Germany_Karachi,https://twitter.com/Germany_Karachi,https://t.co/yE9eBJOeLG,Welcome to the official tweets of the Consulate General of the Federal Republic of Germany in Karachi.,151,3507
2201590237.0,Canada in Germany,CanEmbGermany,https://twitter.com/CanEmbGermany,https://t.co/HIVEqhXmfg,Embassy of Canada to Germany - Fran√ßais: @AmbCanAllemagne - Deutsch: @KanadaBotschaft - https://t.co/YcijzugMJP,237,4274
3647587512.0,Ulrich Seidenberger,germany_un_rome,https://twitter.com/germany_un_rome,https://t.co/FxEz3mgmDO,"Tweets by the Perm. Representative of the Federal Republic of Germany to FAO, WFP and IFAD - the Rome-based UN agencies; views are my own, RT is no endorsement",412,1646
2831614027.0,Albania in Germany,AlEmbGermany,https://twitter.com/AlEmbGermany,http://t.co/GCGcqAFv8i,Official Twitter Profile of the Embassy of the Republic of Albania to Germany,969,3362
7.788847125930353e+17,–ü–æ—Å–æ–ª—å—Å—Ç–≤–æ –ù—ñ–º–µ—á—á–∏–Ω–∏,GermanyinUA,https://twitter.com/GermanyinUA,https://t.co/bAC8DEoLtm,–õ–∞—Å–∫–∞–≤–æ –ø—Ä–æ—Å–∏–º–æ –Ω–∞ –æ—Ñ—ñ—Ü—ñ–π–Ω—É —Å—Ç–æ—Ä—ñ–Ω–∫—É –ü–æ—Å–æ–ª—å—Å—Ç–≤–∞ –§–µ–¥–µ—Ä–∞—Ç–∏–≤–Ω–æ—ó –†–µ—Å–ø—É–±–ª—ñ–∫–∏ –ù—ñ–º–µ—á—á–∏–Ω–∞ –≤ –£–∫—Ä–∞—ó–Ω—ñ —É –º–µ—Ä–µ–∂—ñ –¢–≤—ñ—Ç—Ç–µ—Ä ‚îÇOfficial Twitter account German Embassy Kyiv,242,1351
1136375323.0,ASB Deutschland e.V.,asb_de,https://twitter.com/asb_de,http://t.co/xEqgG3Kji6,"Der ASB ist politisch & konfessionell ungebunden. Wir helfen allen,die unsere Unterst√ºtzung ben√∂tigen. Impressum: http://t.co/aB0bFg9qmD",704,2922
256928986.0,Animal Planet,AnimalPlanetGER,https://twitter.com/AnimalPlanetGER,http://t.co/QX0NjnCyUW,Offizieller Twitter Account von ANIMAL PLANET Deutschland -  Hier laufen spannende Reportagen und packende Dokumentationen!,30,1178
1926030332.0,Nestl√© Deutschland,NestleGermany,https://twitter.com/NestleGermany,https://t.co/sQG6Aro88M,"Hier twittert das Nestl√© Deutschland-Team. Sprich mit uns √ºber #Nachhaltigkeit, #Lebensqualit√§t und erfahre alles Neue von Nestl√©.",535,18371
3061524099.0,Viktor Elbling,Ambtedesco,https://twitter.com/Ambtedesco,https://t.co/aIJO9wzqTC,Ambasciatore Tedesco in Italia. Twitter dell‚ÄôAmbasciata üëâüèª@GermaniaItalia üáÆüáπüá©üá™üá™üá∫#leuropasiamonoi,147,1040
2711832192.0,Germania in Italia,GermaniaItalia,https://twitter.com/GermaniaItalia,https://t.co/aIJO9wzqTC,Ambasciata di Germania a Roma. üáÆüáπüá©üá™üá™üá∫#leuropasiamonoi. Anche su https://t.co/Qdk11KlJwV Colophon/Tutela dati: https://t.co/3Pn8f69FXJ https://t.co/LTNSfkvLvf,716,3073
2209095650.0,TLC,TLCde,https://twitter.com/TLCde,http://t.co/vCJfAeHrZm,TLC - Der Sender f√ºr Frauen.,81,977
2331937675.0,Botschafter Norbert Riedel,botschaftbern,https://twitter.com/botschaftbern,http://t.co/xf5I206txI,"Offizielle Tweets des deutschen Botschafters in Bern, Schweiz. https://t.co/i3RrdboQfD Follows & RTs ‚â† endorsements.",139,1045
126281972.0,„Ç¢„ÇØ„É≠„Éã„Çπ„Éª„Ç∏„É£„Éë„É≥,Acronis_Japan,https://twitter.com/Acronis_Japan,https://t.co/u4KmXWI5t5,Acronis True Image„Çí„ÅØ„Åò„ÇÅ„Å®„Åó„Åü„Éê„ÉÉ„ÇØ„Ç¢„ÉÉ„Éó„ÇΩ„Éï„Éà„ÇÑ„Éá„Éº„Çø‰øùË≠∑„ÇΩ„É™„É•„Éº„Ç∑„Éß„É≥„ÇíÊèê‰æõ„Åó„Å¶„ÅÑ„Çã„Ç¢„ÇØ„É≠„Éã„Çπ„Éª„Ç∏„É£„Éë„É≥Ê†™Âºè‰ºöÁ§æ„ÅÆÂÖ¨Âºè„Ç¢„Ç´„Ç¶„É≥„Éà„Åß„Åô„ÄÇÂêÑÁ®Æ„ÅäÂïè„ÅÑÂêà„Çè„Åõ„ÅØ e-mail socialJP(at)https://t.co/9FT5BX6Mw3 „Åæ„Åß„ÅäÈ°ò„ÅÑ„ÅÑ„Åü„Åó„Åæ„Åô„ÄÇ,109,10422
453030125.0,GermanForeignOffice,GermanyDiplo,https://twitter.com/GermanyDiplo,https://t.co/bKM6xvMJ70,News from the German Foreign Office - Follow us in German as well @AuswaertigesAmt - Imprint and data privacy: https://t.co/P3JHb7upJo,603,147304
1.0749546950499288e+18,Ralf Wittenberg,WittenbergRalf,https://twitter.com/WittenbergRalf,https://t.co/PSBd6Alylb,"Area Director DACH bei British American Tobacco |
Brennt seit 1995 f√ºr #BAT | In 280 Zeichen mit
Volldampf in die Zukunft üöÄ",136,95
207421760.0,Pfizer Deutschland,pfizer_de,https://twitter.com/pfizer_de,https://t.co/bVTBV8o2A4,Die Unternehmenskommunikation twittert zur Debatte um unser Gesundheitssystem im https://t.co/Fjg7iuboga und zu aktuellen Unternehmensthemen,1795,4231
4022225835.0,AbbVie Deutschland,abbvie_de,https://twitter.com/abbvie_de,https://t.co/t5cRRZVGIv,Willkommen beim forschenden BioPharma-Unternehmen AbbVie Deutschland! Es twittert die Unternehmenskommunikation. Twitter-Guideline: https://t.co/VqP7qvDQj5,607,3044
136714528.0,Sven W. Tritschler,twittschler,https://twitter.com/twittschler,https://t.co/qaZkLxnFQi,Stellvertretender Vorsitzender der AfD-Fraktion im Landtag NRW,704,2254
618387275.0,Bayern & Germany,iMiaSanMia,https://twitter.com/iMiaSanMia,https://t.co/xCZTSlMvtA,"FC Bayern | Die Mannschaft | Tweets in English.

Back-up account: @eMiaSanMia 
Video account: @iMiaSanMia_Vid",485,83939
110967370.0,CNN Germany,CNNGermanyPR,https://twitter.com/CNNGermanyPR,http://t.co/rseRrirHsi,Follow us and Go there! Aus dem Frankfurter CNN B√ºro gibt es hier die neuesten Infos und besten Programmtipps rund um den Sender.,1597,9375
37927189.0,DAAD News,DAAD_Germany,https://twitter.com/DAAD_Germany,http://t.co/tWRq734zEz,"The German Academic Exchange Service (DAAD) is the world's largest funding organisation, supporting the international exchange of students and scholars.",321,41230
1335173599.0,Germany UN Geneva,GermanyUNGeneva,https://twitter.com/GermanyUNGeneva,http://t.co/Eagj3leVWl,Official Twitter account of the German Mission in,651,5055
105801959.0,OneDirection Germany,OneDirectionGER,https://twitter.com/OneDirectionGER,,"1st Ever German Twitter For The One & Only One Direction ‚ô• created on 2.10.10 ‚ô• Laura, 24  years old.",3141,224363
4832524551.0,Germany at NATO,GermanyNATO,https://twitter.com/GermanyNATO,https://t.co/IuwHN48JkT,Latest Tweets from the German Delegation to NATO. Follows + RTs ‚â† endorsements. #WeAreNATO Publication Data: https://t.co/QP3SdxbW4C,1107,12366
1943332381.0,Germany in Afghanistan,GermanyinAFG,https://twitter.com/GermanyinAFG,http://t.co/RlfGGpV3Et,"Welcome to the official twitter account of the German Embassy Kabul. Retweets not endorsement.
http://t.co/6ChcbttnbU",500,55909
2720557797.0,Avril GERMANY,Avril_GER,https://twitter.com/Avril_GER,,"üåü Official German fan account dedicated to @AvrilLavigne | follow also @avrillavigne_DE | 
Followed by Avril - 07.10.2016",769,4997
38134385.0,NetApp Deutschland,NetAppGermany,https://twitter.com/NetAppGermany,http://t.co/tJoq7sQ8qj,"NetApp steht f√ºr innovatives Storage- und Datenmanagement mit hervorragender Kosteneffizienz.

Impressum: http://t.co/2Kyb73cj",937,7694
29719618.0,Microsoft Germany,MicrosoftDE,https://twitter.com/MicrosoftDE,https://t.co/0fuuWe8qzl,Hier twittert das Microsoft Deutschland PR-Team https://t.co/ciZI6dhWmH | Support: @MicrosoftHilft | https://t.co/VFFiyooWK5 #digitalfueralle,1395,26924
1091986813.0,UK in Germany,UKinGermany,https://twitter.com/UKinGermany,http://t.co/TUjNGW78eb,"Britische Botschaft #Berlin. Botschafter @SebWoodFCO
Stellv. Botschafter R. Bulloch twittert unter RB. Services unter: https://t.co/zIuxCzc2DM #DigitalDiplomacy",962,8381
42865366.0,TUI fly Germany,TUIflyGermany,https://twitter.com/TUIflyGermany,http://t.co/lIfnMG6SEZ,"Welcome to our official TUI fly Twitter! ‚úà 
Impressum: https://t.co/PpiKWg5uN8 // Fluggesellschaft: TUIfly GmbH, Flughafenstr. 10, 30855 Langenhagen",290,31415
21306588.0,Commercial Service,CSGermany,https://twitter.com/CSGermany,http://t.co/Ei8coBwKJM,"U.S. Embassy - Commercial Section / 
U.S. Botschaft - Handelsabteilung",916,2717
148520187.0,Stussy Germany,Stussy_DE,https://twitter.com/Stussy_DE,http://t.co/W06UGOZrM5,,71,901
8952182.0,Plan Deutschland,PlanGermany,https://twitter.com/PlanGermany,https://t.co/qU2K7WJhp8,"Wir machen uns stark f√ºr eine Welt, in der die Rechte der Kinder geachtet werden und M√§dchen gleichberechtigt sind. 
Datenschutz: https://t.co/E0hOsAgRGj",1123,4285
4096198583.0,Germany in the OSCE,GER_OSCE,https://twitter.com/GER_OSCE,https://t.co/zotdrgqio3,Welcome to the official profile of the German Mission to the OSCE. Retweet ‚â† endorsement. Publication data: https://t.co/I9rn3MYGLL,73,3859
8.58996259218219e+17,BTS Germany,bangtan_germany,https://twitter.com/bangtan_germany,https://t.co/NvXG833Wsk,"German Fanbase of @BTS_twt! Rund um die Uhr News, Fakten, Spa√ü und Entertainment f√ºr die deutsche Army Community.  üì©btsnetworkgermany@gmail.com",179,22073
3063912809.0,Germany in the EU,GermanyintheEU,https://twitter.com/GermanyintheEU,https://t.co/wtHBtccLgK,"Latest Tweets from the German Permanent Representation to the EU.
Follows + RTs ‚â† endorsements",685,6204
2648099923.0,German Consulate General New York,GermanyNY,https://twitter.com/GermanyNY,https://t.co/RwbS8RtKfa,Tweets from the German Consulate General in New York. (RT not endorsements). For GER business: @GermanyNYbiz,685,5502
74403924.0,GCB International,GermanyMeetings,https://twitter.com/GermanyMeetings,https://t.co/BahzoDMy2Z,The German Convention Bureau (GCB) represents Germany as a meetings destination. It is the first point of contact for anyone planning events in Germany.,1787,3343
84081282.0,Wines of Germany USA,GermanWineUSA,https://twitter.com/GermanWineUSA,http://t.co/LKTNrXUuk4,"Exclusive U.S. office of the Deutsches Weininstitut. Primary information source on German wines for U.S. consumers, members of the wine trade, and the media.",2113,23202
104543969.0,MSL Germany,MSL_Germany,https://twitter.com/MSL_Germany,http://t.co/u9g4qvkusF,"Hier twittern die Mitarbeiter von MSL Germany. MSL Germany geh√∂rt zur MSLGROUP @msl_group, dem weltweiten Network f√ºr Reputation der Publicis Groupe S.A.",2128,2741
116370109.0,‚ùå ChrisBrownGermany,TeamCBGermany,https://twitter.com/TeamCBGermany,https://t.co/oBtTjDyOce,,171,9840
445725819.0,Akshay Kumar Germany,akshaygermany,https://twitter.com/akshaygermany,,Offical Twitter Account of Akshay Kumar Germany | @akshaykumar Khiladi of the World | Proud to be Akkian-Germany JUST waiting for you Akki |,44,5181
4117939762.0,German Embassy Amman,GermanyAmman,https://twitter.com/GermanyAmman,https://t.co/USSEBLgSNZ,This is the Twitter Account of the German Embassy in Amman. Impressum: https://t.co/Sx2r7dbSfe,1109,2627
31383750.0,DMC - enjoy Germany!,enjoyGermany,https://twitter.com/enjoyGermany,https://t.co/F0hRDZ3qxl,"Enjoy vacations in GERMANY! Recommend us to your preferred travel agent. Your B2B partner / DMC for Germany, Austria & Slovenia.",8142,10522
1545560610.0,Germany in SA,GermanEmbassySA,https://twitter.com/GermanEmbassySA,https://t.co/Hv2QfjLKnp,"Official Twitter account German Embassy South Africa. Follow for news, current info, policy announcements,official statements and events. https://t.co/QRi8EeOjdd",324,5832
1.0329186632031028e+18,Iran Embassy in Germany (Berlin),iran_berlin,https://twitter.com/iran_berlin,https://t.co/YyZVxmpAiH,"ÿ≥ŸÅÿßÿ±ÿ™ ÿ¨ŸÖŸáŸàÿ±€å ÿßÿ≥ŸÑÿßŸÖ€å ÿß€åÿ±ÿßŸÜ ÿØÿ± ÿ¢ŸÑŸÖÿßŸÜ (ÿ®ÿ±ŸÑ€åŸÜ)  - Botschaft der Islamischen Republik Iran in Deutschland( Berlin ) 
retweets do not mean endorsement of the content.",64,280
3216449516.0,Bayern & Germany üìπ,iMiaSanMia_vid,https://twitter.com/iMiaSanMia_vid,,The video arm of @iMiaSanMia,0,7139
2302927777.0,German Embassy,GermanyTanzania,https://twitter.com/GermanyTanzania,http://t.co/kuLrbkxXCB,"Welcome to the official twitter account of the #German Embassy #DarEsSalaam, #Tanzania",384,11340
125754046.0,Gibson Germany,gibsongermany,https://twitter.com/gibsongermany,https://t.co/oHm8fFEizH,Gibson Guitar - German channel. Check out our main channel @gibsonguitar,213,4566
2861965618.0,SRK Universe Germany,SRKUniverse_GER,https://twitter.com/SRKUniverse_GER,https://t.co/F1pDSVu57V,This is the official German Branch of @SRKUniverse for & by SRKians! Contact Us : srkuniverseger@hotmail.com,59,6832
225421876.0,Anonymous,Anon_Germany,https://twitter.com/Anon_Germany,,WE ARE ANONYMOUS. WE ARE LEGION. WE DO NOT FORGET. WE DO NOT FORGIVE.,92,26240
1.0567761264863314e+18,German Consul Chennai,GermanyChennai,https://twitter.com/GermanyChennai,https://t.co/XNh1rzjsAZ,Welcome to the official twitter account of the #German #Consul #General in #Chennai Impressum: https://t.co/eoPXeuEEzm Like us on https://t.co/aFrZxVlXMP,264,317
636857743.0,AWS Germany,AWS_Germany,https://twitter.com/AWS_Germany,https://t.co/tqaixt7kkq,Offizieller Twitter Channel von #AWS Deutschland. ‚òÅÔ∏è #cloudcomputing,1146,3682
2514625458.0,German Embassy AUS,GermanyInOz,https://twitter.com/GermanyInOz,https://t.co/q3Q6KSKuBd,Official Twitter account of the German Embassy to Australia. https://t.co/StzMIWISOZ RT is not an endorsement.,295,2665
1409453202.0,German Consulate,Germany_Kolkata,https://twitter.com/Germany_Kolkata,https://t.co/qMb1OuZ7oL,Official twitter account of the #German Consulate General #Kolkata.,78,2411
7.709236880656302e+17,BNP Paribas Germany,BNPPGermany,https://twitter.com/BNPPGermany,https://t.co/whqUGC8COn,Willkommen beim offiziellen Twitter-Kanal der BNP Paribas Gruppe in Deutschland. Die Bank f√ºr eine Welt im Wandel. https://t.co/BdnMiosHK7,92,286
18136941.0,SapientRazorfish DE,SRGermany_,https://twitter.com/SRGermany_,https://t.co/eGy0OYHoHL,A new HOW is dawning. #seizethespace,677,5388
2981371839.0,GermanyNY biz,GermanyNYbiz,https://twitter.com/GermanyNYbiz,https://t.co/RwbS8RtKfa,"Business, economy and science related tweets from the German Consulate General New York (RT not endorsements). Follow the Consul General @GermanyNY",330,1850
1.0648272512697508e+18,Germany in Ramallah,GerRepRamallah,https://twitter.com/GerRepRamallah,,"Christian Clages, Head of Mission: News from the German Representative Office in the Palestinian territories",134,312
1329333469.0,Alstom Germany,AlstomGermany,https://twitter.com/AlstomGermany,https://t.co/nwzZiMtg11,Alstom ist in Deutschland einer der f√ºhrenden Anbieter von #Bahntechnik | #Regionalbahn #Schieneninfrastruktur #Hybrid #Elektro #Diesel #Wasserstoff,1090,3418
540236347.0,New Germany SP,NewGermanySP,https://twitter.com/NewGermanySP,https://t.co/7RqCuAXTC9,"Maryland's best kept secret for cabins, camping, hiking, biking, fishing, swimming, paddling, cross-country skiing and more. A nature lover's paradise!",1088,2738
1.0401702321391412e+18,German Consulate General Atlanta,GermanyAtlanta,https://twitter.com/GermanyAtlanta,https://t.co/iaB67ouph2,Welcome to the official Twitter account of the German Consulate General in Atlanta. RTs not endorsements. Impressum: https://t.co/XysGOuTvOc,91,191
1.0630069281950148e+18,Christian Buck,GermanyOnMENA,https://twitter.com/GermanyOnMENA,https://t.co/SXi9tnOb85,Director for Near and Middle East and North Africa @GermanyDiplo - Imprint and data privacy: https://t.co/GRww2QpyBZ,187,1258
2528068304.0,BHCosmeticsGermany,BHCosmeticsDE,https://twitter.com/BHCosmeticsDE,http://t.co/CymKiJDJYY,"BOLD. BRILLIANT. BEAUTIFUL. üíã               BH bietet innovative Beautyprodukte, Make-up Trends & ein optimales Preis-Leistungs-Verh√§ltnis! Cruelty-Free üê∞",92,1763
557637358.0,Savills Germany,SavillsGermany,https://twitter.com/SavillsGermany,https://t.co/cllluEXP5J,"Savills ist eines der f√ºhrenden, weltweit t√§tigen Immobiliendienstleistungs-Unternehmen. In Deutschland ist Savills mit rund 200 Mitarbeitern pr√§sent.",943,1837
1.0040027633140284e+18,Visit Germany,VisitGermanyUK,https://twitter.com/VisitGermanyUK,https://t.co/wfOYh9rmJQ,"The official Twitter travel source for tips, ideas & inspirations for your next visit or holiday to #Germany.",344,15741
7.557954102502687e+17,SEO Germany,SEOGermany1,https://twitter.com/SEOGermany1,,"#Suchmaschinenoptimierung #SEO 
#socialmediamarketing #mobilemarketing #Google",73,2300
3682847113.0,Herbert Quelle,GermanyMidwest,https://twitter.com/GermanyMidwest,http://t.co/a8yvf8LKej,"German Consul General, Chicago. Foreign Service since 1980, with stations in Los Angeles, Pretoria, Havana, Warsaw, London, Baku, Boston.",33,966
8.118856035791626e+17,Germany UN Vienna,GermanyUNVienna,https://twitter.com/GermanyUNVienna,https://t.co/2kKCsZXQx3,"üá©üá™Mission to the üá∫üá≥Vienna. Here to strengthen üåç cooperation on ‚ò¢Ô∏è tech & non-proliferation, drugs & crime, üè≠ development, outer space & more. RTs ‚â† üëç",511,1234
1300049203.0,Rwanda In Germany,RwandaInGermany,https://twitter.com/RwandaInGermany,https://t.co/pBv4qwPzoA,"The Embassy of the Republic of Rwanda in Berlin is accredited to Germany, Poland, Czech Republic, Slovakia, Liechtenstein, Romania and Ukraine",713,3758
2267934601.0,This Week in Germany,ThisWeekGermany,https://twitter.com/ThisWeekGermany,https://t.co/bfQmZZBE7o,"THE podcast for Germany's news in English. Culture, travel, news and funny stuff from the heart of Europe! Produced by Daniel @winterbiz!",1433,3612
48654698.0,GREY Germany,Grey_Ger,https://twitter.com/Grey_Ger,http://t.co/C6YiEXJTOd,We are GREY Germany ‚Äì We are Famously Effective. Marken- & Kommunikationsagentur. D√ºsseldorf. https://t.co/sjloFbaQKe,458,3141
3430210259.0,Rajini Fans Germany üá©üá™,RajiniFCGermany,https://twitter.com/RajiniFCGermany,https://t.co/ivuQvqoNKq,"Deutsche Fan Seite f√ºr alle Fans von Superstar Rajinikanth. Infos zu 2.0, Petta und weiteren Thalaivar Filme findet ihr hier! Back-up Account: @rajini_germany",63,4096
1551250682.0,Germany-LandOfIdeas,Land_of_Ideas,https://twitter.com/Land_of_Ideas,http://t.co/7Zu6zKU6ry,"‚ÄúGermany ‚Äì Land of Ideas‚Äù works with different partners to focus attention on the country, its people and their ideas. Imprint: https://t.co/MnqAEKAmra",336,1503
2353617878.0,KINO! Germany Now!,KINOGermanyNow,https://twitter.com/KINOGermanyNow,https://t.co/y81Xrt66uu,Welcome to KINO! Germany Now! Your source for all news about @germanfilms and filmmakers in the United States...,646,691
9.872800186015868e+17,Scotland Hub Germany,ScotHubGermany,https://twitter.com/ScotHubGermany,https://t.co/zXjiSGODSr,Official account of @ScotGov and @ScotDevInt's Germany Hub - Scotland's home in Germany.,263,1015
2559322332.0,Fintech Germany,FintechGermany,https://twitter.com/FintechGermany,https://t.co/LngxTBWXR8,üá©üá™FinTech Germany Award 2019 on 16th of May 2019 in Frankfurt | #FTGA2019,2659,6491
173728728.0,QueenFan-ClubGermany,QFCG,https://twitter.com/QFCG,https://t.co/GjKfGbgWls,Der Queen Fan-Club Germany bietet aktuelle und exklusive Neuigkeiten und Termine rund um das Thema Queen.,304,1794
209553318.0,peermusic Germany,peermusicDE,https://twitter.com/peermusicDE,http://t.co/6uNWFMPt,Peermusic ist einer der f√ºhrenden unabh√§ngigen Musikverlage der Welt - Hamburg - Germany,222,518
7.874463019611013e+17,Rabea #TeamLH üá©üá™,teamlh44germany,https://twitter.com/teamlh44germany,,Massive fan of @LewisHamilton from Germany üòä #TeamLH till the day I die ‚ù§ We win and lose together üôè Mercedes (15-04-18) and Lewis (23-11-17) follow üòªüí´,707,821
8.48810742396715e+17,British in Germany,BritsinGermany,https://twitter.com/BritsinGermany,https://t.co/Bhjni9g4qL,Part of the coalition @BritishInEurope. Network of UK citizens living in Germany. Campaigning about rights in light of #Brexit.,352,2513
3364354049.0,Revelations Germany,RevelationsGer,https://twitter.com/RevelationsGer,http://t.co/l793y89nNH,Europe's largest PLL Convention in GERMANY,214,2273
2782972130.0,Plaid Germany,Plaid_Germany,https://twitter.com/Plaid_Germany,http://t.co/UXgj6VkB8b,The Plaid Avenger's update on news from Germany.,329,1024
3018049253.0,‚ô• FalPal Germany ‚ô•,_Falpal_,https://twitter.com/_Falpal_,,Biggest JF Fan in Germany  ‚ô• :) followed by @jimmyfallon & @FallonTonight 27.02.2015 | got tickets 07.04.2015 | seen show and met Jimmy on 12.05.2015,48,452
1.0290136084899922e+18,Jalsa Salana Germany,JalsaGermany,https://twitter.com/JalsaGermany,https://t.co/o5BEH312LF,"Official Twitter page of Jalsa Salana Germany 
Instagram/Facebook: @JalsaGermany #JalsaGermany 5-7 July, 2019
Info-Hotline: 0049(0)8002107758",24,922
3012519112.0,EuroLeague Germany,EuroLeagueGER,https://twitter.com/EuroLeagueGER,http://t.co/WeCorRpg5V,Turkish Airlines Euroleague Official Germany,3,606
1.0341475999288484e+18,Germany Fact Check,FactCheckDE,https://twitter.com/FactCheckDE,,"Fact checking bad faith, right-wing narratives and stories about Germany in English.

Contributor to #AfDCheck.

Very clearly inspired by @swedenfactcheck",156,2546
291126127.0,Dept.Int.Trade DEU,tradegovukDEU,https://twitter.com/tradegovukDEU,https://t.co/z7dzlLdDsI,Updates from Department for International Trade in Germany. We help UK companies export to Germany & German companies grow in the UK. (formerly @UKTI_Germany),1926,4991
3160986463.0,Trending Germany,TrendingGermany,https://twitter.com/TrendingGermany,https://t.co/pZYVVN38ry,We deliver top twitter trends in Germany. Follow us to stay updated with latest trends and hip hops occuring in Germany.,817,1377
2168147755.0,Best of Germany üá©üá™,Germany4Travel,https://twitter.com/Germany4Travel,,Find Super Cheap International Flights to Germany üá©üá™¬†and save around $600!,5736,9867
60908959.0,Atos Deutschland,Atos_DE,https://twitter.com/Atos_DE,https://t.co/uMfKD4zq6V,Trusted partner for your Digital Journey | Impressum: https://t.co/hMdHjdWdKv,266,1923
45571293.0,VOGUE_Germany,VOGUE_Germany,https://twitter.com/VOGUE_Germany,http://t.co/iIYjBfH1n1,"Alles rund um Mode, Beauty und Lifestyle  https://t.co/O21RCuGdQp",993,291792
2558657288.0,BFBS Germany,BFBSGermany,https://twitter.com/BFBSGermany,https://t.co/d8TYxAZ5DY,"@BFBS British Forces Broadcasting Service: keeping British Service personnel & their families, in Germany, SHAPE and Brunssum connected

Tel: 05254 8044 100",438,1393
8.644819776002335e+17,Arab-German Chamber,Ghorfa_Germany,https://twitter.com/Ghorfa_Germany,https://t.co/vtG37Jdxoy,"Ghorfa Arab-German Chamber of Commerce and Industry, the competence center for business in Germany and the Arab world since 40 years",214,495
219348231.0,ClimateServiceCenter,GERICS_Germany,https://twitter.com/GERICS_Germany,https://t.co/lzcyzsMXPk,Das Climate Service Center Germany (GERICS) ist eine Einrichtung des Helmholtz-Zentrum Geesthacht: https://t.co/9UP5mfXutl,262,632
4112214022.0,ULI Germany,uli_germany,https://twitter.com/uli_germany,https://t.co/cAPmLZG9G8,"Das Urban Land Institute Germany ist ein unabh√§ngiger, globaler und kooperativer Think Tank f√ºr lebenswerte Stadtr√§ume.

Es twittert: @JanFroehIich",1549,1625
137633431.0,CFA Society Germany,CFAGermany,https://twitter.com/CFAGermany,http://t.co/DprJNqs5,The CFA Society Germany brings together more than 2600 investment professionals recognized for their superior knowledge and ethics in the investment field,187,1379
20528570.0,Sarah G.,KCFCGermany,https://twitter.com/KCFCGermany,https://t.co/V5GecFYjlc,"Kelly Clarkson Fanclub, Germany",324,1379
7.630071097137889e+17,‚öú‚ù£SRKGermanFC_CFC‚ù£‚öú,SRKGermanyFC,https://twitter.com/SRKGermanyFC,https://t.co/3Z8AwIq3IY,Official Germany FC OF @SRKCHENNAIFC,100,304
4217072860.0,Ethiopia in Germanyüá™üáπüá©üá™,ethioingermany,https://twitter.com/ethioingermany,https://t.co/sp9c6Y171b,"Official twitter page of F.D.R.E Embassy to Germany, Poland, Slovak and The Czeck
https://t.co/3uKjEpwvOF",372,1065
2993995444.0,FAU Germany,FAU_Germany,https://twitter.com/FAU_Germany,http://t.co/SUjmN9FByk,"The official English language account of Friedrich-Alexander University Erlangen-N√ºrnberg (FAU) @UniFAU in Bavaria, Germany https://t.co/ktJyeJD6DY",811,1568
824524158.0,Military in Germany,MILinGermany,https://twitter.com/MILinGermany,http://t.co/hqvVwd7oKr,"Events, news, city guides, and tips for living and traveling as a part of the American military community based in Germany",23,4109
7.706107220279009e+17,Hardwell Germany,Hardwell_GER,https://twitter.com/Hardwell_GER,,Fan account from Germany for @HARDWELL. Keeping you up to date on everything Hardwell-related.,66,375
1287159145.0,Arsenal Germany,ArsenalGermany1,https://twitter.com/ArsenalGermany1,http://t.co/irwbfxu1lf,"Official Arsenal Supporters Club Germany //  founded in 2002 // German Gooners. Guys, who manage this account, are called Edu and Marc. Views mainly their own.",271,2190
538150441.0,LittleGermanyAction,LittleGermanyBD,https://twitter.com/LittleGermanyBD,http://t.co/EXe2iEFOjj,We are a not-for-profit organisation. We believe Little Germany is something special in the heart of Bradford city centre.,471,2406
7.040181148041134e+17,HeForShe Germany,heforsheGER,https://twitter.com/heforsheGER,https://t.co/wbqsmEz2Ld,"Support #HeForShe in Germany, Europe Instagram: https://t.co/DT7Hrqoebk Facebook: https://t.co/juO2t2Aspq",941,2152
3321491428.0,BASTILLE Germany,bastilleDE,https://twitter.com/bastilleDE,https://t.co/OYAofTPbvc,Rike from BastilleDE; probably talking about Bastille in Germany & their adventures around the globe.,493,1712
179940445.0,Cathy Dobson,PlanetGermany,https://twitter.com/PlanetGermany,http://t.co/RezsTH38z7,Author of Planet Germany - the story of a British expat family's bungling attempts to integrate into life in Germany.,414,567
39380656.0,Jord√© International - NJ FL MIA Germany Istanbul -,JordeTheArtist,https://twitter.com/JordeTheArtist,https://t.co/9ypbCgRc5V,"üå†#Jewelry #International
üé•#art #film #zombies
üéì#diamonds
üíé#Gold #Silver 

üé¨Jord√©_Galleries
üéÖ#Germany #Turkey #USA

üç∑#Restaurant & #Film #Review",7522,9440
2404869061.0,Startup Braga,StartUpBraga,https://twitter.com/StartUpBraga,https://t.co/9cVHuZL14V,"Incubator and Accelerator of Startups, from Braga to the World, focused on #Digital Economy, #HealthTech and #NanoTech. Innovation/Growth/Sales/Investment",2677,6682
9.783452566462136e+17,Andreas Nemeth,dr_a_nemeth,https://twitter.com/dr_a_nemeth,https://t.co/HyOpMx3IaR,"CEO of @UNIQAVentures, #vc #entrepreneur, #Innovator, #speaker, #startup #investor in #FinTech, #InsurTech, #HealthTech. Founder of #HealthHubVienna Accelerator",670,2014
2816999912.0,Innovation Hive,iHiveUK,https://twitter.com/iHiveUK,http://t.co/MuFmF7k0iC,iHive is the #1 FREE Startup HealthTech Accelerator + Mentors + Investors + Crowdfunding  #Accelerator #StartupSchool #LeanStartup #MedTech,1460,938
